sku_id,category,sku_price
1,home,1952
2,beauty,140
3,clothes,801
4,electronics,982
5,beauty,683
6,home,1980
7,food,1318
8,clothes,200
9,beauty,223
10,electronics,373
11,beauty,1702
12,electronics,1010
13,clothes,392
14,home,152
15,clothes,591
16,food,487
17,beauty,1360
18,home,153
19,food,127
20,electronics,1071
21,food,361
22,home,1770
23,clothes,810
24,clothes,236
25,home,1108
26,electronics,989
27,clothes,806
28,clothes,276
29,home,644
30,home,1685
31,beauty,335
32,food,1187
33,clothes,1213
34,home,1039
35,clothes,574
36,clothes,25
37,electronics,922
38,home,1698
39,clothes,1248
40,food,1086
41,beauty,1874
42,home,1810
43,home,952
44,electronics,1189
45,electronics,1519
46,home,599
47,food,720
48,beauty,810
49,clothes,1696
50,clothes,860
51,beauty,377
52,home,1511
53,home,947
54,clothes,1875
55,beauty,1440
56,home,205
57,electronics,1440
58,clothes,500
59,beauty,570
60,electronics,607
61,clothes,1439
62,home,1871
63,beauty,852
64,food,258
65,electronics,166
66,food,1043
67,home,849
68,food,347
69,beauty,434
70,home,101
71,electronics,64
72,home,1318
73,food,790
74,home,1537
75,clothes,1762
76,electronics,822
77,food,31
78,clothes,244
79,home,679
80,home,1002
81,electronics,149
82,clothes,1133
83,home,1471
84,home,297
85,food,1690
86,clothes,1733
87,electronics,359
88,electronics,1253
89,food,372
90,beauty,264
91,home,1528
92,electronics,354
93,electronics,1385
94,food,1397
95,home,324
96,clothes,743
97,electronics,453
98,beauty,1838
99,home,452
100,electronics,1436
101,beauty,1723
102,electronics,1322
103,food,809
104,electronics,919
105,electronics,1235
106,home,109
107,clothes,1581
108,clothes,1912
109,clothes,777
110,electronics,419
111,home,42
112,electronics,67
113,clothes,700
114,electronics,1402
115,electronics,461
116,clothes,1642
117,clothes,1492
118,home,100
119,electronics,1059
120,food,1680
121,beauty,670
122,clothes,1293
123,clothes,1289
124,beauty,1923
125,home,819
126,clothes,257
127,electronics,447
128,food,740
129,electronics,365
130,food,833
131,home,34
132,home,445
133,electronics,460
134,food,1357
135,beauty,1341
136,electronics,765
137,clothes,147
138,food,851
139,beauty,1581
140,electronics,1033
141,beauty,1469
142,beauty,1630
143,food,361
144,electronics,1974
145,food,1238
146,home,1302
147,clothes,1398
148,clothes,690
149,food,1311
150,home,1753
151,food,148
152,beauty,46
153,beauty,1877
154,home,929
155,clothes,1056
156,beauty,1041
157,electronics,1453
158,electronics,486
159,electronics,1272
160,clothes,642
161,home,1521
162,clothes,1560
163,electronics,1279
164,clothes,132
165,home,777
166,clothes,617
167,home,320
168,electronics,428
169,beauty,497
170,home,1947
171,food,1523
172,food,284
173,electronics,660
174,home,1076
175,food,1337
176,electronics,1547
177,food,479
178,clothes,711
179,beauty,431
180,clothes,120
181,clothes,1651
182,home,1255
183,food,1077
184,home,385
185,electronics,1299
186,home,142
187,clothes,153
188,clothes,116
189,clothes,1931
190,electronics,267
191,beauty,365
192,clothes,1134
193,beauty,493
194,home,170
195,home,1494
196,clothes,647
197,clothes,1487
198,home,511
199,beauty,371
200,food,519
201,beauty,594
202,clothes,928
203,home,566
204,food,173
205,home,825
206,home,353
207,home,913
208,beauty,1044
209,home,1515
210,clothes,1567
211,home,1688
212,home,50
213,electronics,885
214,food,1564
215,beauty,1228
216,beauty,322
217,clothes,1498
218,home,536
219,food,959
220,food,938
221,beauty,778
222,home,1251
223,food,157
224,home,289
225,clothes,410
226,clothes,1886
227,electronics,18
228,beauty,1774
229,food,1505
230,home,1016
231,home,1905
232,home,1935
233,food,1997
234,home,796
235,beauty,640
236,home,155
237,electronics,1822
238,electronics,1897
239,beauty,798
240,clothes,342
241,home,1572
242,food,1970
243,food,1589
244,home,1053
245,food,1310
246,electronics,1436
247,home,1343
248,home,1907
249,clothes,1516
250,home,506
251,food,80
252,electronics,1302
253,clothes,1438
254,beauty,545
255,clothes,942
256,clothes,530
257,beauty,1243
258,clothes,1959
259,electronics,35
260,electronics,1588
261,home,1329
262,beauty,824
263,electronics,1855
264,clothes,1071
265,home,1804
266,home,349
267,food,527
268,beauty,1035
269,home,1358
270,food,1210
271,home,1513
272,electronics,1551
273,beauty,233
274,food,1600
275,clothes,1677
276,clothes,560
277,home,1914
278,food,1441
279,clothes,23
280,home,1681
281,electronics,13
282,home,153
283,home,1085
284,food,1350
285,home,1511
286,clothes,359
287,clothes,777
288,clothes,1451
289,home,415
290,beauty,382
291,electronics,1952
292,beauty,932
293,clothes,1677
294,clothes,390
295,clothes,130
296,clothes,1667
297,home,541
298,beauty,912
299,clothes,233
300,food,173
301,home,185
302,food,265
303,food,141
304,beauty,70
305,home,490
306,electronics,1003
307,electronics,29
308,electronics,554
309,beauty,1372
310,electronics,1626
311,clothes,208
312,electronics,1079
313,beauty,779
314,food,1075
315,home,1918
316,food,979
317,home,1247
318,food,699
319,food,1406
320,clothes,655
321,food,1937
322,home,1372
323,beauty,785
324,food,127
325,food,1798
326,electronics,1661
327,home,16
328,home,1792
329,clothes,1495
330,beauty,62
331,beauty,261
332,clothes,582
333,home,764
334,home,1276
335,home,1064
336,clothes,1362
337,food,16
338,food,44
339,electronics,1798
340,food,1995
341,home,1398
342,beauty,488
343,home,1002
344,beauty,1523
345,electronics,1636
346,home,723
347,home,1933
348,electronics,1358
349,home,1513
350,beauty,611
351,clothes,409
352,beauty,1791
353,beauty,1804
354,beauty,1617
355,clothes,75
356,electronics,1029
357,beauty,627
358,home,1801
359,home,354
360,electronics,1965
361,beauty,997
362,clothes,503
363,clothes,443
364,electronics,1552
365,home,226
366,electronics,1475
367,food,338
368,home,1858
369,food,1579
370,food,461
371,home,1373
372,electronics,1958
373,clothes,1372
374,beauty,1899
375,home,1307
376,food,195
377,clothes,1795
378,beauty,1918
379,beauty,1579
380,food,142
381,home,782
382,beauty,1349
383,home,1988
384,clothes,1665
385,food,467
386,food,246
387,electronics,189
388,food,192
389,beauty,1526
390,clothes,1929
391,electronics,1534
392,food,1183
393,food,270
394,home,1963
395,electronics,1191
396,electronics,646
397,beauty,1218
398,home,398
399,food,877
400,food,1589
401,clothes,1643
402,beauty,1074
403,clothes,1219
404,home,228
405,beauty,28
406,home,1755
407,clothes,657
408,food,1681
409,clothes,1724
410,home,1033
411,beauty,311
412,clothes,590
413,electronics,1539
414,food,1236
415,beauty,642
416,electronics,1420
417,beauty,570
418,clothes,989
419,food,1023
420,home,1452
421,food,130
422,clothes,322
423,clothes,1746
424,electronics,1444
425,clothes,1900
426,home,1764
427,home,1499
428,clothes,622
429,beauty,54
430,food,813
431,home,875
432,home,723
433,electronics,810
434,food,1091
435,clothes,588
436,beauty,1445
437,electronics,816
438,food,278
439,beauty,1550
440,electronics,1783
441,food,1750
442,clothes,947
443,clothes,1192
444,home,914
445,clothes,606
446,clothes,439
447,clothes,1657
448,electronics,1515
449,beauty,751
450,clothes,218
451,home,781
452,clothes,1401
453,electronics,1906
454,food,206
455,clothes,980
456,electronics,1945
457,beauty,250
458,food,1341
459,home,1225
460,clothes,1996
461,home,1294
462,electronics,511
463,clothes,253
464,home,822
465,beauty,629
466,clothes,1964
467,home,1346
468,electronics,1598
469,home,1602
470,home,1781
471,home,573
472,electronics,762
473,electronics,255
474,electronics,179
475,beauty,1011
476,electronics,470
477,beauty,1211
478,home,1182
479,electronics,570
480,beauty,1636
481,home,380
482,home,1001
483,beauty,621
484,electronics,266
485,electronics,676
486,beauty,1471
487,home,388
488,electronics,1674
489,beauty,816
490,beauty,1684
491,beauty,1614
492,electronics,1010
493,beauty,1072
494,electronics,1113
495,clothes,1553
496,electronics,1987
497,beauty,380
498,clothes,1433
499,beauty,20
500,food,925
501,electronics,261
502,beauty,273
503,clothes,432
504,beauty,189
505,electronics,535
506,electronics,183
507,food,1046
508,beauty,754
509,home,361
510,electronics,1945
511,food,518
512,beauty,104
513,food,1862
514,beauty,1359
515,clothes,921
516,home,1191
517,food,1433
518,food,1080
519,beauty,1251
520,clothes,1055
521,electronics,1418
522,electronics,1367
523,electronics,495
524,clothes,395
525,clothes,623
526,clothes,1970
527,beauty,1243
528,beauty,452
529,food,745
530,beauty,273
531,electronics,874
532,food,1136
533,home,543
534,clothes,1340
535,home,829
536,food,180
537,home,1395
538,clothes,1935
539,clothes,1107
540,food,154
541,clothes,1306
542,food,1473
543,beauty,1164
544,clothes,1248
545,clothes,869
546,home,657
547,electronics,786
548,beauty,1984
549,electronics,516
550,electronics,563
551,electronics,1098
552,beauty,1410
553,electronics,843
554,electronics,684
555,food,753
556,food,1603
557,clothes,309
558,electronics,570
559,home,210
560,clothes,1994
561,electronics,785
562,electronics,1613
563,beauty,369
564,food,1501
565,home,1215
566,beauty,205
567,beauty,724
568,food,1782
569,food,1139
570,electronics,1254
571,electronics,1846
572,food,359
573,home,1948
574,food,380
575,beauty,1660
576,beauty,1139
577,home,1816
578,beauty,986
579,food,271
580,beauty,29
581,clothes,1470
582,clothes,1356
583,home,302
584,food,1172
585,food,118
586,clothes,1458
587,beauty,1398
588,home,866
589,home,384
590,home,734
591,food,1038
592,home,574
593,clothes,1076
594,electronics,635
595,food,1950
596,food,842
597,electronics,1741
598,electronics,1309
599,clothes,167
600,electronics,1945
601,beauty,348
602,electronics,127
603,food,1532
604,home,1144
605,electronics,1665
606,home,1980
607,beauty,1396
608,clothes,1919
609,home,992
610,beauty,1064
611,electronics,1439
612,electronics,840
613,clothes,1272
614,electronics,1875
615,home,1472
616,beauty,1448
617,food,1545
618,beauty,510
619,beauty,1410
620,beauty,96
621,clothes,928
622,beauty,1391
623,clothes,1860
624,electronics,368
625,clothes,761
626,food,1062
627,electronics,1960
628,home,875
629,clothes,786
630,electronics,774
631,clothes,702
632,beauty,1713
633,electronics,1752
634,food,604
635,food,999
636,clothes,552
637,beauty,14
638,clothes,816
639,food,1900
640,beauty,1912
641,electronics,1701
642,home,1925
643,beauty,1837
644,home,1747
645,food,127
646,beauty,22
647,food,952
648,food,621
649,electronics,229
650,clothes,726
651,food,833
652,electronics,28
653,home,892
654,electronics,414
655,beauty,1093
656,clothes,1850
657,electronics,851
658,home,1880
659,clothes,24
660,food,1585
661,home,473
662,food,819
663,food,622
664,clothes,887
665,food,1108
666,home,232
667,home,1354
668,clothes,341
669,home,734
670,food,21
671,clothes,1819
672,clothes,236
673,electronics,593
674,home,283
675,food,872
676,electronics,1855
677,clothes,338
678,home,1952
679,food,1975
680,home,253
681,beauty,1011
682,clothes,1024
683,home,675
684,home,1037
685,electronics,279
686,electronics,1971
687,electronics,1633
688,clothes,268
689,beauty,714
690,clothes,37
691,food,116
692,beauty,889
693,electronics,1520
694,home,899
695,food,602
696,electronics,1005
697,home,1568
698,beauty,517
699,beauty,322
700,clothes,392
701,electronics,585
702,food,1779
703,clothes,1445
704,home,1374
705,home,416
706,electronics,1456
707,beauty,1445
708,clothes,1261
709,beauty,396
710,clothes,1298
711,electronics,479
712,home,280
713,food,88
714,clothes,403
715,electronics,883
716,clothes,1272
717,electronics,196
718,home,788
719,food,1085
720,clothes,1443
721,food,464
722,home,882
723,beauty,135
724,electronics,884
725,electronics,633
726,food,561
727,food,584
728,home,1467
729,food,515
730,electronics,1843
731,electronics,382
732,electronics,11
733,food,1362
734,food,444
735,food,976
736,beauty,1870
737,home,216
738,food,388
739,home,1952
740,food,754
741,electronics,633
742,electronics,208
743,beauty,1408
744,clothes,1587
745,food,688
746,food,1528
747,beauty,1531
748,beauty,1093
749,clothes,771
750,food,1341
751,beauty,440
752,electronics,796
753,electronics,1826
754,beauty,277
755,electronics,256
756,clothes,1211
757,home,405
758,electronics,1905
759,beauty,163
760,food,1277
761,home,627
762,clothes,1568
763,clothes,1102
764,clothes,99
765,home,402
766,food,1137
767,beauty,1835
768,food,721
769,electronics,928
770,home,1875
771,home,148
772,beauty,868
773,beauty,1917
774,electronics,1629
775,beauty,351
776,clothes,571
777,electronics,603
778,beauty,1967
779,clothes,134
780,home,1526
781,beauty,1023
782,beauty,1792
783,electronics,1999
784,home,348
785,beauty,1547
786,beauty,796
787,home,1606
788,beauty,830
789,clothes,566
790,electronics,386
791,beauty,337
792,beauty,456
793,electronics,1436
794,beauty,1810
795,beauty,942
796,beauty,1459
797,food,540
798,clothes,1755
799,food,616
800,electronics,1140
801,clothes,360
802,beauty,103
803,food,497
804,clothes,90
805,food,1939
806,clothes,1909
807,electronics,563
808,clothes,1325
809,clothes,1696
810,electronics,1104
811,food,12
812,beauty,1305
813,food,765
814,beauty,180
815,clothes,550
816,beauty,846
817,food,613
818,electronics,127
819,food,1697
820,food,459
821,food,371
822,electronics,1999
823,beauty,1110
824,home,227
825,food,1946
826,beauty,1791
827,clothes,1138
828,home,1682
829,food,461
830,clothes,560
831,home,1201
832,home,328
833,home,484
834,clothes,764
835,home,1857
836,home,201
837,home,381
838,clothes,388
839,beauty,396
840,clothes,1014
841,food,1336
842,food,53
843,clothes,343
844,home,1684
845,beauty,1417
846,electronics,394
847,electronics,303
848,clothes,883
849,home,941
850,beauty,215
851,electronics,291
852,electronics,1245
853,home,783
854,electronics,52
855,electronics,1702
856,electronics,1573
857,clothes,280
858,electronics,1587
859,clothes,558
860,beauty,1932
861,electronics,37
862,electronics,1971
863,food,1120
864,electronics,1756
865,clothes,424
866,beauty,993
867,home,1837
868,clothes,1680
869,food,639
870,clothes,990
871,electronics,509
872,food,1123
873,beauty,1295
874,electronics,262
875,electronics,1699
876,beauty,220
877,electronics,617
878,home,1057
879,electronics,300
880,clothes,1878
881,clothes,59
882,home,884
883,food,311
884,food,1352
885,home,472
886,electronics,1416
887,clothes,1017
888,clothes,235
889,food,218
890,electronics,741
891,food,1270
892,food,252
893,electronics,1900
894,electronics,1844
895,clothes,1248
896,home,374
897,food,1096
898,clothes,1238
899,home,1401
900,food,317
901,food,1289
902,electronics,723
903,home,565
904,food,1365
905,food,1920
906,electronics,1670
907,electronics,1625
908,clothes,1774
909,clothes,1602
910,clothes,665
911,home,809
912,home,1487
913,electronics,1678
914,beauty,241
915,food,885
916,electronics,306
917,clothes,671
918,home,382
919,food,732
920,home,1022
921,home,995
922,food,1242
923,clothes,293
924,home,794
925,home,1135
926,beauty,1113
927,beauty,1018
928,clothes,1108
929,electronics,797
930,home,1199
931,beauty,1089
932,clothes,1600
933,electronics,1449
934,food,491
935,clothes,15
936,electronics,1752
937,beauty,752
938,clothes,980
939,electronics,1896
940,food,132
941,clothes,749
942,home,613
943,beauty,305
944,home,2000
945,clothes,506
946,clothes,1705
947,clothes,124
948,clothes,250
949,electronics,783
950,home,1435
951,electronics,771
952,electronics,1446
953,beauty,1367
954,home,161
955,beauty,1725
956,clothes,1792
957,clothes,71
958,clothes,758
959,clothes,171
960,electronics,167
961,home,1175
962,clothes,316
963,clothes,972
964,beauty,1542
965,food,1440
966,home,972
967,food,1489
968,electronics,919
969,electronics,597
970,electronics,329
971,electronics,1814
972,clothes,1247
973,clothes,1040
974,home,32
975,home,1715
976,home,1402
977,food,1144
978,beauty,1892
979,food,1037
980,clothes,1462
981,clothes,877
982,electronics,566
983,home,1078
984,clothes,1957
985,clothes,1531
986,beauty,830
987,clothes,124
988,clothes,813
989,beauty,1694
990,electronics,1249
991,home,1682
992,food,987
993,home,1346
994,home,1704
995,electronics,347
996,food,1655
997,home,1334
998,food,408
999,electronics,232
1000,food,169
1001,food,1245
1002,clothes,67
1003,clothes,587
1004,electronics,1119
1005,clothes,143
1006,electronics,1232
1007,food,1559
1008,beauty,394
1009,electronics,423
1010,food,502
1011,beauty,184
1012,electronics,1166
1013,home,1164
1014,electronics,103
1015,electronics,654
1016,food,1942
1017,food,27
1018,food,1549
1019,home,1973
1020,clothes,1034
1021,home,654
1022,food,1496
1023,electronics,275
1024,home,688
1025,beauty,1846
1026,beauty,216
1027,clothes,1663
1028,beauty,58
1029,home,1640
1030,beauty,986
1031,electronics,1789
1032,clothes,604
1033,home,320
1034,electronics,171
1035,clothes,1961
1036,clothes,1821
1037,clothes,1663
1038,clothes,1584
1039,beauty,1983
1040,beauty,1067
1041,beauty,1344
1042,food,1915
1043,clothes,926
1044,food,704
1045,beauty,747
1046,home,1762
1047,home,91
1048,clothes,499
1049,beauty,1260
1050,clothes,163
1051,home,1171
1052,electronics,209
1053,food,302
1054,electronics,1130
1055,electronics,1031
1056,food,941
1057,food,357
1058,electronics,340
1059,beauty,583
1060,food,754
1061,electronics,192
1062,home,376
1063,home,538
1064,home,534
1065,clothes,1341
1066,electronics,1934
1067,beauty,2000
1068,electronics,1009
1069,food,754
1070,home,831
1071,beauty,1765
1072,clothes,1888
1073,food,912
1074,beauty,1059
1075,food,1959
1076,electronics,775
1077,home,1407
1078,home,1046
1079,electronics,548
1080,electronics,1281
1081,clothes,1527
1082,beauty,1443
1083,clothes,26
1084,electronics,1757
1085,home,605
1086,beauty,334
1087,electronics,827
1088,home,466
1089,home,1800
1090,electronics,1380
1091,home,724
1092,beauty,969
1093,home,1853
1094,electronics,233
1095,electronics,379
1096,home,1888
1097,home,1583
1098,home,418
1099,electronics,683
1100,food,659
1101,home,1247
1102,home,445
1103,food,244
1104,electronics,940
1105,clothes,1126
1106,home,1952
1107,clothes,308
1108,beauty,665
1109,beauty,74
1110,home,1595
1111,food,137
1112,home,1627
1113,clothes,979
1114,clothes,120
1115,electronics,1787
1116,home,1961
1117,food,562
1118,clothes,1311
1119,clothes,181
1120,food,151
1121,electronics,839
1122,home,620
1123,home,1794
1124,clothes,1084
1125,food,1381
1126,electronics,386
1127,home,199
1128,food,710
1129,clothes,346
1130,home,725
1131,home,996
1132,clothes,1106
1133,home,1987
1134,beauty,736
1135,electronics,806
1136,beauty,1158
1137,electronics,416
1138,beauty,1490
1139,clothes,1272
1140,food,673
1141,clothes,39
1142,home,1846
1143,clothes,1922
1144,food,1032
1145,home,242
1146,beauty,548
1147,electronics,1489
1148,clothes,932
1149,home,1309
1150,beauty,1318
1151,electronics,209
1152,clothes,457
1153,beauty,870
1154,clothes,1595
1155,home,1240
1156,food,452
1157,clothes,439
1158,beauty,2000
1159,electronics,1966
1160,food,768
1161,food,43
1162,food,1846
1163,electronics,1038
1164,home,1442
1165,home,1338
1166,home,857
1167,food,730
1168,beauty,1706
1169,beauty,882
1170,food,1576
1171,clothes,242
1172,home,949
1173,clothes,774
1174,beauty,1142
1175,beauty,343
1176,home,902
1177,home,593
1178,food,1308
1179,beauty,1447
1180,electronics,1930
1181,electronics,189
1182,electronics,193
1183,home,1272
1184,home,222
1185,beauty,1545
1186,beauty,1908
1187,home,214
1188,beauty,1040
1189,electronics,1660
1190,food,1377
1191,home,1754
1192,clothes,443
1193,home,1601
1194,home,1139
1195,clothes,244
1196,home,1763
1197,electronics,1956
1198,home,728
1199,home,855
1200,food,25
1201,clothes,1611
1202,food,1049
1203,food,558
1204,home,639
1205,clothes,1388
1206,home,18
1207,electronics,76
1208,clothes,63
1209,food,1628
1210,beauty,1731
1211,beauty,1689
1212,food,660
1213,beauty,359
1214,clothes,890
1215,home,1148
1216,beauty,404
1217,home,1329
1218,electronics,1706
1219,beauty,1651
1220,clothes,888
1221,home,1933
1222,clothes,1501
1223,food,835
1224,clothes,1069
1225,clothes,905
1226,clothes,213
1227,electronics,1042
1228,beauty,1303
1229,home,1616
1230,food,1736
1231,beauty,1724
1232,food,335
1233,electronics,427
1234,electronics,201
1235,electronics,905
1236,beauty,1297
1237,electronics,323
1238,beauty,1275
1239,electronics,1895
1240,home,1181
1241,clothes,61
1242,food,939
1243,clothes,392
1244,clothes,1346
1245,clothes,618
1246,clothes,1106
1247,home,1497
1248,food,1587
1249,electronics,1360
1250,electronics,573
1251,clothes,1924
1252,electronics,1294
1253,beauty,1317
1254,electronics,1785
1255,home,237
1256,beauty,1908
1257,electronics,261
1258,food,300
1259,clothes,546
1260,electronics,200
1261,food,1022
1262,clothes,1879
1263,electronics,810
1264,electronics,1015
1265,electronics,857
1266,electronics,1006
1267,home,440
1268,food,778
1269,home,1307
1270,clothes,1665
1271,food,378
1272,clothes,30
1273,beauty,1360
1274,beauty,1302
1275,electronics,1760
1276,food,250
1277,home,720
1278,beauty,1267
1279,electronics,1129
1280,beauty,334
1281,food,1528
1282,electronics,1907
1283,beauty,404
1284,beauty,70
1285,beauty,57
1286,clothes,1058
1287,food,452
1288,clothes,245
1289,food,70
1290,clothes,293
1291,clothes,180
1292,food,558
1293,clothes,996
1294,electronics,1962
1295,beauty,723
1296,food,1345
1297,home,966
1298,beauty,903
1299,home,1948
1300,clothes,1898
1301,clothes,522
1302,food,415
1303,home,1979
1304,beauty,220
1305,beauty,1634
1306,clothes,648
1307,clothes,1636
1308,home,1963
1309,home,897
1310,beauty,877
1311,food,1540
1312,food,1680
1313,electronics,1285
1314,home,1253
1315,clothes,889
1316,food,1171
1317,electronics,775
1318,clothes,930
1319,electronics,1831
1320,beauty,1972
1321,beauty,528
1322,food,849
1323,beauty,1246
1324,home,731
1325,electronics,71
1326,food,378
1327,clothes,889
1328,clothes,742
1329,clothes,158
1330,food,1355
1331,clothes,771
1332,food,1606
1333,electronics,260
1334,electronics,662
1335,food,1478
1336,home,447
1337,food,1172
1338,clothes,1850
1339,electronics,1160
1340,food,799
1341,clothes,1242
1342,clothes,1089
1343,beauty,220
1344,beauty,579
1345,electronics,1947
1346,home,1185
1347,home,1407
1348,food,660
1349,clothes,415
1350,home,111
1351,electronics,1031
1352,home,572
1353,electronics,254
1354,clothes,937
1355,food,1241
1356,home,1220
1357,beauty,494
1358,food,53
1359,beauty,46
1360,home,19
1361,clothes,592
1362,home,1733
1363,beauty,85
1364,beauty,1890
1365,food,90
1366,electronics,1330
1367,home,152
1368,home,204
1369,food,1491
1370,food,572
1371,food,1553
1372,electronics,829
1373,food,1149
1374,beauty,1021
1375,home,106
1376,home,621
1377,electronics,1020
1378,food,1736
1379,beauty,1930
1380,electronics,220
1381,electronics,468
1382,electronics,1700
1383,electronics,294
1384,home,671
1385,clothes,473
1386,clothes,190
1387,food,1492
1388,beauty,1681
1389,electronics,20
1390,electronics,541
1391,electronics,236
1392,food,1949
1393,food,163
1394,beauty,684
1395,home,1631
1396,clothes,562
1397,clothes,1904
1398,home,1204
1399,clothes,255
1400,clothes,663
1401,beauty,1552
1402,home,1828
1403,home,1314
1404,electronics,1378
1405,beauty,1078
1406,beauty,502
1407,home,988
1408,food,584
1409,home,1592
1410,electronics,472
1411,food,550
1412,electronics,1466
1413,beauty,732
1414,clothes,1721
1415,clothes,1360
1416,electronics,1433
1417,home,163
1418,clothes,133
1419,clothes,36
1420,home,968
1421,home,394
1422,food,224
1423,beauty,437
1424,beauty,1569
1425,food,1062
1426,food,1567
1427,home,1461
1428,clothes,1352
1429,beauty,1746
1430,clothes,226
1431,food,458
1432,home,799
1433,beauty,1787
1434,clothes,1061
1435,home,1607
1436,electronics,394
1437,home,579
1438,food,346
1439,beauty,1958
1440,electronics,1337
1441,home,311
1442,electronics,1804
1443,electronics,1535
1444,electronics,502
1445,home,1841
1446,food,393
1447,home,68
1448,beauty,1365
1449,food,937
1450,electronics,553
1451,beauty,1908
1452,food,182
1453,clothes,893
1454,home,318
1455,home,1038
1456,food,1050
1457,home,118
1458,food,568
1459,electronics,210
1460,home,1338
1461,home,1509
1462,food,407
1463,home,397
1464,beauty,371
1465,beauty,575
1466,home,1254
1467,home,1072
1468,electronics,233
1469,clothes,1333
1470,electronics,1973
1471,electronics,459
1472,electronics,118
1473,food,1188
1474,electronics,498
1475,electronics,1099
1476,clothes,574
1477,beauty,1817
1478,home,1442
1479,home,812
1480,clothes,217
1481,food,1513
1482,clothes,1024
1483,clothes,360
1484,food,721
1485,beauty,1455
1486,electronics,599
1487,clothes,203
1488,beauty,1040
1489,food,986
1490,clothes,1756
1491,food,358
1492,electronics,1405
1493,clothes,351
1494,home,690
1495,electronics,300
1496,home,1374
1497,food,886
1498,clothes,52
1499,electronics,550
1500,electronics,359
1501,food,1226
1502,home,1995
1503,electronics,1204
1504,clothes,1010
1505,electronics,977
1506,electronics,102
1507,food,1171
1508,clothes,1720
1509,beauty,1085
1510,clothes,352
1511,electronics,1597
1512,food,214
1513,food,1656
1514,home,936
1515,food,1514
1516,food,1127
1517,home,1368
1518,food,529
1519,electronics,949
1520,food,1705
1521,food,626
1522,beauty,1835
1523,beauty,1596
1524,electronics,1001
1525,beauty,562
1526,electronics,1501
1527,home,312
1528,clothes,1763
1529,clothes,1360
1530,home,741
1531,clothes,73
1532,home,1192
1533,clothes,746
1534,electronics,1534
1535,home,406
1536,electronics,1318
1537,food,1987
1538,beauty,1806
1539,home,1851
1540,beauty,1972
1541,food,368
1542,food,1874
1543,food,1828
1544,beauty,810
1545,food,864
1546,clothes,643
1547,beauty,94
1548,food,1075
1549,beauty,1718
1550,home,261
1551,home,1638
1552,food,1170
1553,electronics,600
1554,electronics,1995
1555,clothes,1031
1556,clothes,965
1557,food,1081
1558,beauty,1287
1559,clothes,1370
1560,home,631
1561,electronics,600
1562,food,1647
1563,home,41
1564,clothes,93
1565,beauty,589
1566,electronics,262
1567,food,1010
1568,home,20
1569,electronics,731
1570,food,112
1571,food,292
1572,food,1809
1573,beauty,1618
1574,beauty,1372
1575,electronics,327
1576,food,1470
1577,clothes,302
1578,beauty,894
1579,electronics,1890
1580,clothes,605
1581,home,75
1582,food,1920
1583,home,519
1584,home,875
1585,electronics,1990
1586,food,1838
1587,food,1894
1588,food,1232
1589,beauty,364
1590,food,902
1591,beauty,1657
1592,clothes,295
1593,clothes,522
1594,beauty,862
1595,food,418
1596,electronics,634
1597,beauty,618
1598,home,1908
1599,clothes,1127
1600,home,779
1601,clothes,206
1602,home,1088
1603,food,1431
1604,food,1041
1605,food,969
1606,home,885
1607,home,871
1608,electronics,954
1609,beauty,1878
1610,home,64
1611,clothes,191
1612,food,1269
1613,clothes,1621
1614,beauty,1198
1615,clothes,774
1616,beauty,1281
1617,beauty,1853
1618,food,1807
1619,home,119
1620,home,267
1621,electronics,1382
1622,beauty,957
1623,electronics,952
1624,electronics,183
1625,electronics,563
1626,beauty,692
1627,food,209
1628,home,1168
1629,food,1424
1630,electronics,1780
1631,beauty,258
1632,beauty,1391
1633,electronics,1524
1634,clothes,1446
1635,clothes,1067
1636,home,1161
1637,clothes,289
1638,clothes,1843
1639,food,626
1640,electronics,1482
1641,home,1659
1642,clothes,1287
1643,electronics,244
1644,clothes,10
1645,electronics,1246
1646,electronics,1074
1647,clothes,516
1648,home,222
1649,beauty,60
1650,home,918
1651,electronics,123
1652,home,624
1653,clothes,1000
1654,clothes,1689
1655,beauty,1733
1656,beauty,543
1657,home,1405
1658,beauty,1769
1659,home,262
1660,electronics,309
1661,clothes,388
1662,clothes,1686
1663,beauty,359
1664,beauty,1528
1665,home,420
1666,food,993
1667,electronics,602
1668,beauty,1974
1669,food,1019
1670,food,1377
1671,home,811
1672,electronics,1438
1673,home,960
1674,home,1676
1675,electronics,313
1676,home,590
1677,beauty,256
1678,electronics,807
1679,food,1198
1680,beauty,79
1681,electronics,920
1682,food,1869
1683,clothes,1981
1684,home,968
1685,electronics,577
1686,food,334
1687,beauty,1035
1688,food,441
1689,beauty,1858
1690,beauty,809
1691,clothes,138
1692,clothes,1353
1693,beauty,730
1694,home,704
1695,clothes,1474
1696,food,580
1697,home,1901
1698,home,149
1699,home,781
1700,clothes,1250
1701,beauty,1189
1702,beauty,1598
1703,clothes,540
1704,food,1439
1705,beauty,1215
1706,beauty,722
1707,home,1274
1708,electronics,148
1709,clothes,70
1710,electronics,484
1711,electronics,1372
1712,home,1032
1713,clothes,672
1714,clothes,1590
1715,clothes,225
1716,home,1501
1717,home,1557
1718,electronics,1899
1719,beauty,136
1720,electronics,522
1721,electronics,86
1722,food,914
1723,electronics,1252
1724,clothes,1901
1725,electronics,667
1726,home,1440
1727,clothes,783
1728,beauty,1315
1729,clothes,1149
1730,food,410
1731,home,1015
1732,food,1400
1733,clothes,471
1734,clothes,1529
1735,beauty,898
1736,clothes,1666
1737,beauty,186
1738,electronics,59
1739,electronics,426
1740,clothes,1668
1741,electronics,1839
1742,home,746
1743,beauty,1173
1744,electronics,1780
1745,clothes,707
1746,beauty,1407
1747,clothes,1026
1748,clothes,1714
1749,home,1178
1750,food,1035
1751,beauty,740
1752,beauty,1852
1753,clothes,1757
1754,electronics,1651
1755,home,908
1756,home,1290
1757,electronics,1799
1758,electronics,1175
1759,beauty,270
1760,electronics,620
1761,home,251
1762,electronics,482
1763,beauty,1241
1764,electronics,687
1765,food,468
1766,food,1898
1767,food,809
1768,clothes,149
1769,food,1992
1770,beauty,163
1771,clothes,1188
1772,beauty,1757
1773,beauty,1918
1774,food,1034
1775,beauty,827
1776,beauty,126
1777,electronics,1438
1778,home,1203
1779,food,1928
1780,electronics,1347
1781,food,76
1782,food,873
1783,food,420
1784,electronics,1828
1785,clothes,295
1786,food,1130
1787,electronics,1902
1788,home,492
1789,beauty,159
1790,beauty,1862
1791,electronics,1449
1792,electronics,718
1793,home,1955
1794,beauty,1235
1795,electronics,1913
1796,beauty,1827
1797,clothes,990
1798,electronics,564
1799,electronics,223
1800,beauty,1027
1801,food,471
1802,home,893
1803,clothes,631
1804,electronics,53
1805,clothes,63
1806,beauty,1104
1807,home,1771
1808,electronics,1406
1809,home,1141
1810,home,116
1811,home,1578
1812,clothes,1434
1813,home,890
1814,clothes,1135
1815,home,246
1816,beauty,251
1817,food,1860
1818,clothes,730
1819,home,712
1820,electronics,1890
1821,clothes,497
1822,beauty,198
1823,clothes,30
1824,beauty,855
1825,electronics,1173
1826,electronics,1652
1827,clothes,1798
1828,electronics,1674
1829,electronics,166
1830,home,269
1831,food,379
1832,food,99
1833,beauty,726
1834,clothes,1351
1835,clothes,608
1836,home,1251
1837,electronics,990
1838,electronics,1354
1839,food,166
1840,beauty,1931
1841,home,431
1842,food,1454
1843,clothes,1848
1844,food,918
1845,food,1938
1846,beauty,1607
1847,clothes,609
1848,food,1088
1849,beauty,663
1850,electronics,1041
1851,food,120
1852,home,1854
1853,beauty,1454
1854,food,1005
1855,clothes,170
1856,clothes,1877
1857,beauty,1733
1858,food,482
1859,beauty,1529
1860,electronics,441
1861,clothes,772
1862,clothes,83
1863,home,1440
1864,home,1341
1865,electronics,1961
1866,home,53
1867,electronics,1722
1868,food,563
1869,home,1214
1870,electronics,625
1871,food,132
1872,beauty,1760
1873,home,796
1874,home,48
1875,home,797
1876,clothes,100
1877,home,431
1878,home,387
1879,electronics,1100
1880,food,1362
1881,beauty,74
1882,food,1572
1883,electronics,1929
1884,beauty,1873
1885,food,1555
1886,food,1899
1887,beauty,1669
1888,electronics,453
1889,beauty,708
1890,home,898
1891,electronics,1612
1892,electronics,1663
1893,home,1143
1894,food,1960
1895,beauty,1768
1896,home,959
1897,beauty,1182
1898,beauty,1584
1899,clothes,542
1900,home,1976
1901,clothes,967
1902,electronics,280
1903,food,584
1904,clothes,185
1905,beauty,1589
1906,food,615
1907,home,1179
1908,beauty,89
1909,food,571
1910,food,560
1911,beauty,1612
1912,electronics,35
1913,beauty,638
1914,food,1363
1915,food,1722
1916,clothes,1745
1917,home,918
1918,home,45
1919,home,28
1920,food,85
1921,beauty,993
1922,home,456
1923,beauty,129
1924,electronics,1932
1925,beauty,576
1926,food,1139
1927,electronics,1962
1928,clothes,912
1929,food,538
1930,home,541
1931,clothes,270
1932,clothes,1300
1933,beauty,310
1934,electronics,1353
1935,electronics,486
1936,electronics,1350
1937,beauty,387
1938,home,1772
1939,food,1197
1940,beauty,95
1941,clothes,1479
1942,food,134
1943,electronics,537
1944,food,1399
1945,electronics,1116
1946,clothes,1239
1947,electronics,726
1948,beauty,168
1949,electronics,918
1950,electronics,1056
1951,clothes,495
1952,beauty,677
1953,home,770
1954,home,156
1955,food,1803
1956,electronics,303
1957,beauty,678
1958,food,1624
1959,home,696
1960,food,1847
1961,food,973
1962,electronics,1283
1963,food,338
1964,food,101
1965,clothes,1915
1966,beauty,1877
1967,electronics,62
1968,clothes,1257
1969,food,1664
1970,beauty,1056
1971,beauty,1614
1972,food,1469
1973,clothes,1934
1974,beauty,785
1975,clothes,76
1976,electronics,790
1977,electronics,1966
1978,clothes,1973
1979,beauty,1167
1980,beauty,1186
1981,home,1513
1982,electronics,1113
1983,beauty,1745
1984,electronics,1644
1985,home,1253
1986,beauty,1360
1987,home,1075
1988,food,659
1989,beauty,409
1990,clothes,610
1991,clothes,683
1992,food,1646
1993,home,482
1994,electronics,654
1995,clothes,1429
1996,home,921
1997,electronics,751
1998,beauty,730
1999,electronics,1045
2000,food,1883
